name,address,url,restaurant_url,InMichelin,food,service,price,decor,number_of_reviews,excellent,very_good,average,poor,terrible,sentiment_polarity,sentiment_subjectivity
HISA FRANKO,"Staro selo 1, Kobarid 5222 Slovenia",https://www.tripadvisor.com/Restaurant_Review-g319788-d1059106-Reviews-HISA_FRANKO-Kobarid_Slovenian_Littoral_Region.html#REVIEWS,http://www.hisafranko.com/,1,45,45,40,45,756,319,50,27,6,9,0.318393432,0.568872123
Palais de Chine Hotel -Le Palais,"No.3, Sec. 1, Chengde Rd., Datong Dist 103, Palais De Chine Hotel 17F, Datong, Taipei 103 Taiwan",https://www.tripadvisor.com/Restaurant_Review-g13806451-d4505038-Reviews-Palais_de_Chine_Hotel_Le_Palais-Datong_Taipei.html#REVIEWS,http://www.palaisdechinehotel.com/tw/restaurant-info.php?id=6,1,45,45,40,45,926,49,20,6,4,4,0.348450971,0.601460063
Taïrroir,"6F, No.299, Lequn 3rd Road, Zhongshan District, Taipei 10462 Taiwan",https://www.tripadvisor.com/Restaurant_Review-g13808671-d10781430-Reviews-Tairroir-Zhongshan_District_Taipei.html#REVIEWS,http://www.tairroir.com/,1,45,45,40,45,282,64,23,10,1,2,0.36613633,0.591158904
JL Studio,"2F, No.689, Sec.4, Yifeng Rd, Nantun Dist, Nantun, Taichung 408 Taiwan",https://www.tripadvisor.com/Restaurant_Review-g13806759-d12293166-Reviews-JL_Studio-Nantun_Taichung.html#REVIEWS,http://www.facebook.com/jlstudiotaiwan/,1,50,45,45,,24,9,1,0,0,0,,
Addison Restaurant,"5200 Grand Del Mar Way, San Diego, CA 92130-4900",https://www.tripadvisor.com/Restaurant_Review-g60750-d665586-Reviews-Addison_Restaurant-San_Diego_California.html#REVIEWS,http://www.addisondelmar.com/,1,45,50,40,45,293,204,37,18,10,9,0.277714082,0.560364661
Quince,"470 Pacific Ave, San Francisco, CA 94133-4610",https://www.tripadvisor.com/Restaurant_Review-g60713-d349411-Reviews-Quince-San_Francisco_California.html#REVIEWS,http://www.quincerestaurant.com/,1,45,50,40,45,555,362,79,30,20,12,0.345423814,0.615246757
SingleThread Farm Restaurant,"131 North St, Healdsburg, CA 95448-3821",https://www.tripadvisor.com/Restaurant_Review-g32482-d12111188-Reviews-SingleThread_Farm_Restaurant-Healdsburg_Sonoma_County_California.html#REVIEWS,http://singlethreadfarms.com/,1,45,50,40,,142,100,17,9,6,6,0.227181947,0.581426505
Addison Restaurant,"5200 Grand Del Mar Way, San Diego, CA 92130-4900",https://www.tripadvisor.com/Restaurant_Review-g60750-d665586-Reviews-Addison_Restaurant-San_Diego_California.html#REVIEWS,http://www.addisondelmar.com/,1,45,50,40,45,293,204,37,18,10,9,0.277714082,0.560364661
Per Se,"10 Columbus Cir, New York City, NY 10019-1158",https://www.tripadvisor.com/Restaurant_Review-g60763-d425628-Reviews-Per_Se-New_York_City_New_York.html#REVIEWS,http://www.perseny.com/,1,45,50,40,45,1869,1193,220,105,49,21,0.295940691,0.593530976
Les Amis,"1 Scotts Road #01-16 Shaw Centre, Singapore 228208 Singapore",https://www.tripadvisor.com/Restaurant_Review-g294265-d1102463-Reviews-Les_Amis-Singapore.html#REVIEWS,http://www.lesamis.com.sg/,1,45,45,40,35,522,307,83,42,17,8,0.35677332,0.596112824
Odette's Restaurant,"130 Regents Park Road Primrose Hill, London NW1 8XL England",https://www.tripadvisor.com/Restaurant_Review-g186338-d720189-Reviews-Odette_s_Restaurant-London_England.html#REVIEWS,http://www.odettesprimrosehill.com/location/,1,45,45,40,40,629,405,93,54,26,13,0.391032766,0.63385739
Noma,"Refshalevej 96, Copenhagen 1432 Denmark",https://www.tripadvisor.com/Restaurant_Review-g189541-d694971-Reviews-Noma-Copenhagen_Zealand.html#REVIEWS,http://www.noma.dk/,1,45,50,40,45,1778,936,159,60,35,33,0.319728384,0.5872183
Koka,"Viktoriagatan 12, Gothenburg 411 25 Sweden",https://www.tripadvisor.com/Restaurant_Review-g189894-d815919-Reviews-Koka-Gothenburg_Vastra_Gotaland_County_West_Coast.html#REVIEWS,http://www.restaurangkoka.se/,1,45,45,45,45,623,128,29,17,1,2,0.379800559,0.659571126
Operakallaren,"Karl XII's Square, Stockholm 103 22 Sweden",https://www.tripadvisor.com/Restaurant_Review-g189852-d698819-Reviews-Operakallaren-Stockholm.html#REVIEWS,http://operakallaren.se/,1,45,45,45,45,709,238,52,16,7,6,0.436669577,0.638481546
Geranium,"Per Henrik Lings Alle 4, 8., Copenhagen Denmark",https://www.tripadvisor.com/Restaurant_Review-g189541-d1945657-Reviews-Geranium-Copenhagen_Zealand.html#REVIEWS,http://www.geranium.dk/,1,50,45,45,45,1157,611,67,30,18,7,0.391870604,0.633432224
Ta Vie,"74 Queen's Road Central, Central 2/F, The Pottinger, Hong Kong China",https://www.tripadvisor.com/Restaurant_Review-g294217-d8353570-Reviews-Ta_Vie-Hong_Kong.html#REVIEWS,http://tavie.com.hk/,1,45,45,40,,73,42,11,7,0,3,0.285261528,0.578209789
Caprice (Central),"6F, Four Seasons Hotel, Central Four Seasons Hotel Hong Kong, Hong Kong China",https://www.tripadvisor.com/Restaurant_Review-g294217-d912108-Reviews-Caprice_Central-Hong_Kong.html#REVIEWS,http://www.fourseasons.com/hongkong/dining/restaurants/caprice/,1,45,45,40,45,967,552,127,56,21,13,0.285062814,0.561185222
Sushi Yoshitake,"7-8-13 Brown Place 9F, Ginza, Chuo 104-0061 Tokyo Prefecture",https://www.tripadvisor.com/Restaurant_Review-g14129573-d4418384-Reviews-Sushi_Yoshitake-Ginza_Chuo_Tokyo_Tokyo_Prefecture_Kanto.html#REVIEWS,http://sushi-yoshitake.com/index.html,1,50,50,40,45,169,98,4,3,2,2,0.310307863,0.564128336
"T'ang Court - The Langham, Hong Kong","No.8 Peking Road Tsim Sha Tsui, Hong Kong China",https://www.tripadvisor.com/Restaurant_Review-g294217-d1023200-Reviews-T_ang_Court_The_Langham_Hong_Kong-Hong_Kong.html#REVIEWS,http://www.langhamhotels.com/en/the-langham/hong-kong/dining/tang-court/,1,40,40,35,40,538,210,88,48,27,24,0.245155607,0.579921292
Le Bernardin,"155 W 51st St, New York City, NY 10019-6019",https://www.tripadvisor.com/Restaurant_Review-g60763-d424434-Reviews-Le_Bernardin-New_York_City_New_York.html#REVIEWS,http://www.le-bernardin.com/,1,45,45,40,45,3594,2222,412,203,58,46,0.339978529,0.596733369
8 1/2 Otto e Mezzo Bombana,"202 Alexandra, 18 House Chater Rd.Central, Hong Kong China",https://www.tripadvisor.com/Restaurant_Review-g294217-d2423554-Reviews-8_1_2_Otto_e_Mezzo_Bombana-Hong_Kong.html#REVIEWS,http://www.ottoemezzobombana.com/,1,45,45,40,40,564,273,110,48,17,9,0.27583751,0.535582069
The Eight,"2/F, Grand Lisboa, Avenida e Lisboa Macau Peninsula, Macau China",https://www.tripadvisor.com/Restaurant_Review-g664891-d1217712-Reviews-The_Eight-Macau.html#REVIEWS,http://www.grandlisboahotel.com/dining-the_eight-en,1,45,45,40,45,0,147,61,26,8,7,0.251096644,0.577158507
L'Atelier De Joël Robuchon Saint-Germain,"5 rue Montalembert Hotel Pont Royal, 75007 Paris France",https://www.tripadvisor.com/Restaurant_Review-g187147-d718134-Reviews-L_Atelier_De_Joel_Robuchon_Saint_Germain-Paris_Ile_de_France.html#REVIEWS,http://atelier-robuchon-saint-germain.com/,1,45,40,35,40,2757,820,264,144,86,89,0.251161906,0.5404981
Jade Dragon,"Estrada do Istmo, Cotai Level 2, The Shops at The Boulevard, Macau 999078 China",https://www.tripadvisor.com/Restaurant_Review-g664891-d3340556-Reviews-Jade_Dragon-Macau.html#REVIEWS,http://www.cityofdreamsmacau.com/en/dine/chinese/jade-dragon,1,50,45,40,45,185,90,22,8,2,4,0.332811452,0.564128105
De Librije,"Spinhuisplein 1, 8011 ZZ Zwolle The Netherlands",https://www.tripadvisor.com/Restaurant_Review-g188611-d748025-Reviews-De_Librije-Zwolle_Overijssel_Province.html#REVIEWS,http://www.librije.com/,1,50,50,45,45,691,169,11,3,6,1,0.32825783,0.57343058
SaQuaNa,"22 Place Hamelin, 14600, Honfleur France",https://www.tripadvisor.com/Restaurant_Review-g187189-d797717-Reviews-SaQuaNa-Honfleur_Calvados_Basse_Normandie_Normandy.html#REVIEWS,https://www.alexandre-bourdas.com/,1,45,45,45,45,1064,108,16,9,3,5,0.307425281,0.588449488
JAN,"12 rue Lascaris, 06300 Nice France",https://www.tripadvisor.com/Restaurant_Review-g187234-d4975072-Reviews-JAN-Nice_French_Riviera_Cote_d_Azur_Provence_Alpes_Cote_d_Azur.html#REVIEWS,http://www.restaurantjan.com/,1,50,50,45,45,1673,753,65,25,7,6,0.332551327,0.60282573
Restaurant Schwarzwaldstube,"Tonbachstrasse 237 Hotel Traube Tonbach, 72270, Baiersbronn, Baden-Wurttemberg Germany",https://www.tripadvisor.com/Restaurant_Review-g187279-d718344-Reviews-Restaurant_Schwarzwaldstube-Baiersbronn_Baden_Wurttemberg.html#REVIEWS,http://www.traube-tonbach.de/,1,50,45,45,45,440,64,18,1,0,1,0.369546468,0.604165674
Restaurant Schwarzwaldstube,"Tonbachstrasse 237 Hotel Traube Tonbach, 72270, Baiersbronn, Baden-Wurttemberg Germany",https://www.tripadvisor.com/Restaurant_Review-g187279-d718344-Reviews-Restaurant_Schwarzwaldstube-Baiersbronn_Baden_Wurttemberg.html#REVIEWS,http://www.traube-tonbach.de/,1,50,45,45,45,440,64,18,1,0,1,0.369546468,0.604165674
Rutz Restaurant - Weinbar,"Chausseestr. 8 Mitte, 10115 Berlin Germany",https://www.tripadvisor.com/Restaurant_Review-g187323-d718320-Reviews-Rutz_Restaurant_Weinbar-Berlin.html#REVIEWS,http://www.rutz-restaurant.de/,1,45,45,40,40,723,234,78,29,13,17,,
Waldhotel Sonnora Restaurant,"Auf'm Eichelfeld 1, 54518 Dreis, Rhineland-Palatinate Germany",https://www.tripadvisor.com/Restaurant_Review-g20304189-d1557845-Reviews-Waldhotel_Sonnora_Restaurant-Dreis_Rhineland_Palatinate.html#REVIEWS,http://www.hotel-sonnora.de/,1,50,50,45,45,247,43,2,1,1,0,0.333771802,0.551173093
Restaurant Schanz,"Bahnhofstr. 8a, 54498 Piesport, Rhineland-Palatinate Germany",https://www.tripadvisor.com/Restaurant_Review-g319769-d2714940-Reviews-Restaurant_Schanz-Piesport_Rhineland_Palatinate.html#REVIEWS,http://www.schanz-restaurant.de/,1,50,45,45,50,256,30,2,0,0,0,,
Victor's Fine Dining by Christian Bau,"Schlossstrasse 27-29, 66706 Nennig, Saarland Germany",https://www.tripadvisor.com/Restaurant_Review-g1185063-d2043640-Reviews-Victor_s_Fine_Dining_by_Christian_Bau-Nennig_Saarland.html#REVIEWS,http://www.victors-fine-dining.de/,1,50,45,45,45,273,48,4,7,0,4,0.311457592,0.547830836
The Table Kevin Fehling,"Shanghaiallee 15, 20457 Hamburg Germany",https://www.tripadvisor.com/Restaurant_Review-g187331-d8561371-Reviews-The_Table_Kevin_Fehling-Hamburg.html#REVIEWS,http://www.thetable-hamburg.de/,1,50,50,45,,244,32,2,2,2,1,,
L'Enclume,"Cavendish Street, Cartmel, Grange-over-Sands LA11 6QA England",https://www.tripadvisor.com/Restaurant_Review-g499539-d800663-Reviews-L_Enclume-Cartmel_Grange_over_Sands_Lake_District_Cumbria_England.html#REVIEWS,http://www.lenclume.co.uk/,1,45,45,45,45,3136,2556,318,155,53,43,0.329225775,0.611921313
Alain Ducasse at The Dorchester,"53 Park Lane Closest tube stations: Hyde Park Corner and Marble Arch, London W1K 1QA England",https://www.tripadvisor.com/Restaurant_Review-g186338-d1205756-Reviews-Alain_Ducasse_at_The_Dorchester-London_England.html#REVIEWS,https://www.dorchestercollection.com/london/the-dorchester/dining/alain-ducasse,1,45,45,40,45,1763,1033,238,143,83,46,0.31883725,0.594747189
Hélène Darroze at The Connaught,"16 Carlos Place Mayfair, London W1K 2AL England",https://www.tripadvisor.com/Restaurant_Review-g186338-d1237584-Reviews-Helene_Darroze_at_The_Connaught-London_England.html#REVIEWS,http://www.the-connaught.co.uk/mayfair-restaurants/helene-darroze/,1,45,45,40,45,1319,777,178,97,62,25,0.282461018,0.611216108
The Fat Duck,"Opec House High Street, Bray on Thames SL6 2AQ England",https://www.tripadvisor.com/Restaurant_Review-g528798-d1571626-Reviews-The_Fat_Duck-Bray_on_Thames_Berkshire_England.html#REVIEWS,http://www.thefatduck.co.uk/,1,45,50,40,45,2276,1763,214,91,65,57,0.369830247,0.564382716
Restaurant Gordon Ramsay,"68 Royal Hospital Road, London SW3 4HP England",https://www.tripadvisor.com/Restaurant_Review-g186338-d719242-Reviews-Restaurant_Gordon_Ramsay-London_England.html#REVIEWS,http://www.gordonramsayrestaurants.com/restaurant-gordon-ramsay/,1,45,50,40,45,3356,2185,317,151,60,41,0.260318965,0.59435756
Restaurant Gordon Ramsay,"68 Royal Hospital Road, London SW3 4HP England",https://www.tripadvisor.com/Restaurant_Review-g186338-d719242-Reviews-Restaurant_Gordon_Ramsay-London_England.html#REVIEWS,http://www.gordonramsayrestaurants.com/restaurant-gordon-ramsay/,1,45,50,40,45,3356,2185,317,151,60,41,0.260318965,0.59435756
Waterside Inn,"The Waterside Ferry Road The Waterside, Bray on Thames SL6 2AT England",https://www.tripadvisor.com/Restaurant_Review-g528798-d752171-Reviews-Waterside_Inn-Bray_on_Thames_Berkshire_England.html#REVIEWS,http://www.waterside-inn.co.uk/,1,45,50,40,45,1860,1517,170,90,26,19,0.405855835,0.637044296
Vrijmoed,"Vlaanderenstraat 22, Ghent 9000 Belgium",https://www.tripadvisor.com/Restaurant_Review-g188666-d4014169-Reviews-Vrijmoed-Ghent_East_Flanders_Province.html#REVIEWS,http://vrijmoed.be/en/,1,45,45,45,40,619,111,23,13,4,0,0.357434767,0.593191616
The Jane,"Paradeplein 1, Antwerp 2018 Belgium",https://www.tripadvisor.com/Restaurant_Review-g188636-d6463219-Reviews-The_Jane-Antwerp_Antwerp_Province.html#REVIEWS,http://www.thejaneantwerp.com/,1,45,45,45,45,1664,270,46,17,10,5,,
Hof van Cleve,"Riemegemstraat 1, Kruishoutem 9770 Belgium",https://www.tripadvisor.com/Restaurant_Review-g954018-d967590-Reviews-Hof_van_Cleve-Kruishoutem_East_Flanders_Province.html#REVIEWS,http://hofvancleve.com/,1,50,50,45,45,483,92,7,6,2,0,0.350102803,0.594742403
La Vague d'Or,"Plage de la Bouillabaisse Residence Pinede, 83990, Saint-Tropez France",https://www.tripadvisor.com/Restaurant_Review-g187242-d1153165-Reviews-La_Vague_d_Or-Saint_Tropez_French_Riviera_Cote_d_Azur_Provence_Alpes_Cote_d_Azur.html#REVIEWS,https://www.chevalblanc.com/fr/la-vague-d-or-st-tropez/,1,50,50,45,50,473,91,10,4,1,3,0.364360643,0.560561772
Auberge Du Vieux Puits,"5 avenue Saint Victor, 11360 Fontjoncouse France",https://www.tripadvisor.com/Restaurant_Review-g674102-d794269-Reviews-Auberge_Du_Vieux_Puits-Fontjoncouse_Aude_Occitanie.html#REVIEWS,http://www.aubergeduvieuxpuits.fr/,1,50,45,45,45,1246,85,7,2,0,0,0.33285821,0.577816726
Hotel Restaurant Regis & Jacques Marcon,"Lieu Dit Larsiallas, 43290 Saint-Bonnet-le-Froid France",https://www.tripadvisor.com/Restaurant_Review-g950950-d967560-Reviews-Hotel_Restaurant_Regis_Jacques_Marcon-Saint_Bonnet_le_Froid_Haute_Loire_Auvergne_R.html#REVIEWS,http://www.regismarcon.fr/,1,50,50,45,45,1167,42,1,0,0,0,0.375511273,0.597038514
PIC,"285 avenue Victor Hugo, 26001 Valence France",https://www.tripadvisor.com/Restaurant_Review-g187272-d719830-Reviews-PIC-Valence_Drome_Auvergne_Rhone_Alpes.html#REVIEWS,http://www.anne-sophie-pic.com/,1,50,50,45,45,2694,147,19,9,4,3,0.411184125,0.636742555
Troisgros,"728 route de Villerest, 42155 Ouches, Roanne France",https://www.tripadvisor.com/Restaurant_Review-g3845710-d12334831-Reviews-Troisgros-Ouches_Roanne_Loire_Auvergne_Rhone_Alpes.html#REVIEWS,http://www.troisgros.com/,1,45,50,45,,258,18,3,1,2,0,0.424625514,0.667437927
Restaurant Le Clos des Sens,"13 rue Jean Mermoz, 74940 Annecy-le-Vieux France",https://www.tripadvisor.com/Restaurant_Review-g1080922-d814341-Reviews-Restaurant_Le_Clos_des_Sens-Annecy_le_Vieux_Haute_Savoie_Auvergne_Rhone_Alpes.html#REVIEWS,http://www.closdessens.com/,1,45,45,40,45,969,69,13,6,6,4,0.418219237,0.633220182
la marine,"rue Marie-Lemonnier, Noirmoutier en l'Ile, Ile de Noirmoutier France",https://www.tripadvisor.com/Restaurant_Review-g425088-d942593-Reviews-La_marine-Noirmoutier_en_l_Ile_Ile_de_Noirmoutier_Vendee_Pays_de_la_Loire.html#REVIEWS,http://www.alexandrecouillon.com/,1,50,50,45,45,656,29,4,1,0,0,0.351011193,0.591544247
Le Vivier restaurant,"800 cours Fernande Peyre, 84800, L'Isle-sur-la-Sorgue France",https://www.tripadvisor.com/Restaurant_Review-g608811-d1754579-Reviews-Le_Vivier_restaurant-L_Isle_sur_la_Sorgue_Vaucluse_Provence_Alpes_Cote_d_Azur.html#REVIEWS,http://www.levivier-restaurant.com/,1,45,45,45,45,1839,228,42,13,8,3,0.429329406,0.612529576
Les Pres d'Eugenie - Restaurant Michel Guérard,"334 rue Rene Vielle, 40320 Eugenie Les Bains France",https://www.tripadvisor.com/Restaurant_Review-g950951-d952147-Reviews-Les_Pres_d_Eugenie_Restaurant_Michel_Guerard-Eugenie_Les_Bains_Landes_Nouvelle_Aqu.html#REVIEWS,http://lespresdeugenie.com/,1,50,45,45,45,616,61,5,4,2,2,0.368438786,0.561004731
Le Cinq,"31 Avenue George V Four Seasons Hôtel George V, 75008 Paris France",https://www.tripadvisor.com/Restaurant_Review-g187147-d699456-Reviews-Le_Cinq-Paris_Ile_de_France.html#REVIEWS,https://www.fourseasons.com/paris/dining/restaurants/le_cinq/?seo=google_local_par2_emea,1,50,50,40,50,2275,960,100,37,15,11,0.391214768,0.657689541
Le 1947 à Cheval Blanc,"Le Jardin Alpin Le Jardin Alpin, 73120, Courchevel France",https://www.tripadvisor.com/Restaurant_Review-g187262-d2440966-Reviews-Le_1947_a_Cheval_Blanc-Courchevel_Savoie_Auvergne_Rhone_Alpes.html#REVIEWS,https://www.chevalblanc.com/fr/maison/courchevel/restaurants-et-bars/le-1947-cheval-blanc-courchevel/?y_source=1_MTkzOTcyOTctNzY5LWxvY2F0aW9uLndlYnNpdGU%3D,1,45,50,40,45,66,23,0,1,3,2,0.351904251,0.625430407
Epicure,"112 Rue Du Faubourg Saint-Honore Le Bristol Paris, 75008 Paris France",https://www.tripadvisor.com/Restaurant_Review-g187147-d719052-Reviews-Epicure-Paris_Ile_de_France.html#REVIEWS,http://www.lebristolparis.com/fr/gastronomie/epicure/,1,50,50,45,45,2926,1106,94,33,10,4,0.345313747,0.592415936
Eleven Madison Park,"11 Madison Ave, New York City, NY 10010-3643",https://www.tripadvisor.com/Restaurant_Review-g60763-d479020-Reviews-Eleven_Madison_Park-New_York_City_New_York.html#REVIEWS,http://www.elevenmadisonpark.com/,1,45,45,40,45,2679,1583,280,196,83,76,0.254383568,0.59450122
L'Ambroisie,"9 Place des Vosges, 75004 Paris France",https://www.tripadvisor.com/Restaurant_Review-g187147-d718111-Reviews-L_Ambroisie-Paris_Ile_de_France.html#REVIEWS,http://www.ambroisie-paris.com/,1,40,40,35,40,561,108,20,22,23,17,0.268363843,0.582146621
Le Louis XV - Alain Ducasse à l'Hôtel de Paris,"Place du Casino, Hotel de Paris, Monte-Carlo 98000 Monaco",https://www.tripadvisor.com/Restaurant_Review-g190409-d691518-Reviews-Le_Louis_XV_Alain_Ducasse_a_l_Hotel_de_Paris-Monte_Carlo.html#REVIEWS,http://www.montecarlosbm.com/en/restaurant-monaco/louis-xv-alain-ducasse-hotel-de-paris,1,45,45,40,45,1029,329,47,32,13,12,0.344906626,0.610629399
Maison Lameloise,"36 Place D Armes, 71150, Chagny France",https://www.tripadvisor.com/Restaurant_Review-g196538-d1082778-Reviews-Maison_Lameloise-Chagny_Saone_et_Loire_Bourgogne_Franche_Comte.html#REVIEWS,http://lameloise.fr/,1,50,50,45,45,1710,401,58,15,3,3,,
Le Cinq,"31 Avenue George V Four Seasons Hôtel George V, 75008 Paris France",https://www.tripadvisor.com/Restaurant_Review-g187147-d699456-Reviews-Le_Cinq-Paris_Ile_de_France.html#REVIEWS,https://www.fourseasons.com/paris/dining/restaurants/le_cinq/?seo=google_local_par2_emea,1,50,50,40,50,2275,960,100,37,15,11,0.391214768,0.657689541
"La Dame de Pic, Raffles Singapore","1 Beach Road, Raffles Singapore (Located at the Main Building, accessible via the main hotel entrance), Singapore 189673 Singapore",https://www.tripadvisor.com/Restaurant_Review-g294265-d17851324-Reviews-La_Dame_de_Pic_Raffles_Singapore-Singapore.html#REVIEWS,http://www.ladamedepic.com.sg/,1,45,45,40,40,97,57,11,10,4,5,0.298900035,0.580305295
PIC,"285 avenue Victor Hugo, 26001 Valence France",https://www.tripadvisor.com/Restaurant_Review-g187272-d719830-Reviews-PIC-Valence_Drome_Auvergne_Rhone_Alpes.html#REVIEWS,http://www.anne-sophie-pic.com/,1,50,50,45,45,2694,147,19,9,4,3,0.411184125,0.636742555
Cheval Blanc By Peter Knogl,"Blumenrain 8 Grand Hotel Les Trois Rois, Basel 4051 Switzerland",https://www.tripadvisor.com/Restaurant_Review-g188049-d939254-Reviews-Cheval_Blanc_By_Peter_Knogl-Basel.html#REVIEWS,https://www.chevalblancbasel.com/de,1,50,50,45,45,544,183,20,6,1,0,0.434618042,0.643442646
Pierre Gagnaire,"6 Rue Balzac, 75008 Paris France",https://www.tripadvisor.com/Restaurant_Review-g187147-d719833-Reviews-Pierre_Gagnaire-Paris_Ile_de_France.html#REVIEWS,http://www.pierregagnaire.com/,1,45,45,40,45,1031,222,42,17,8,13,0.322096258,0.622607551
Flocons de Sel,"1775 Rte du Leutaz, 74120 Megeve France",https://www.tripadvisor.com/Restaurant_Review-g187266-d797263-Reviews-Flocons_de_Sel-Megeve_Haute_Savoie_Auvergne_Rhone_Alpes.html#REVIEWS,http://www.floconsdesel.com/fr/,1,50,50,45,45,1086,115,9,7,1,1,0.377819745,0.616378227
Le Pavillon de la Grande Cascade,"1 allee de Longchamp Bois de Boulogne, 75116 Paris France",https://www.tripadvisor.com/Restaurant_Review-g187147-d718677-Reviews-Le_Pavillon_de_la_Grande_Cascade-Paris_Ile_de_France.html#REVIEWS,http://www.restaurantsparisiens.com/la-grande-cascade/,1,45,45,40,45,1100,119,38,6,4,5,0.338352273,0.725858586
Le Petit Nice Passedat restaurant gastronomique,"17 rue des Braves Anse de Maldormé, 13007 Marseille France",https://www.tripadvisor.com/Restaurant_Review-g187253-d786471-Reviews-Le_Petit_Nice_Passedat_restaurant_gastronomique-Marseille_Bouches_du_Rhone_Provenc.html#REVIEWS,http://www.passedat.fr/,1,45,40,35,40,1130,85,33,20,7,12,,
de Silveren Spiegel,"Kattengat 4-6, 1012 SZ Amsterdam The Netherlands",https://www.tripadvisor.com/Restaurant_Review-g188590-d693419-Reviews-De_Silveren_Spiegel-Amsterdam_North_Holland_Province.html#REVIEWS,http://www.desilverenspiegel.com/,1,50,50,45,45,1743,948,102,27,12,9,0.460254963,0.668156496
Bistrot L'Ancienne Auberge 1900,"Place du Marche, 01540 Vonnas France",https://www.tripadvisor.com/Restaurant_Review-g1026920-d1053282-Reviews-Bistrot_L_Ancienne_Auberge_1900-Vonnas_Ain_Auvergne_Rhone_Alpes.html#REVIEWS,http://www.georgesblanc.com/,1,40,35,35,40,1445,24,28,26,18,14,,
Alma By Juan Amador,"22 Scotts Road Goodwood Park Hotel Goodwood Park Hotel, Singapore 228221 Singapore",https://www.tripadvisor.com/Restaurant_Review-g294265-d8504143-Reviews-Alma_By_Juan_Amador-Singapore.html#REVIEWS,http://alma.sg/#reservation,1,45,45,45,40,722,542,91,23,9,9,,
King's Joy,"No. 2 Wudaoying Hutong, Dongcheng District, Beijing 100027 China",https://www.tripadvisor.com/Restaurant_Review-g294212-d3330316-Reviews-King_s_Joy-Beijing.html#REVIEWS,https://www.facebook.com/kingsjoybeijing/,1,45,45,40,50,1389,206,34,18,5,5,,
Sir Elly's Restaurant,"No 32 The Bund, 32 Zhongshan Dong Yi Road The Peninsula Shanghai, Shanghai 200002 China",https://www.tripadvisor.com/Restaurant_Review-g308272-d11954919-Reviews-Sir_Elly_s_Restaurant-Shanghai.html#REVIEWS,http://www.peninsula.com/en/shanghai/hotel-fine-dining/sir-ellys-restaurant,1,45,45,40,,80,42,10,5,3,1,0.411935838,0.591160481
Mr & Mrs Bund - Seafood & Steak House by Paul Pairet,"No.18 Zhongshan East 1st Road, Huangpu District 6th Floor, Shanghai 200002 China",https://www.tripadvisor.com/Restaurant_Review-g308272-d1550812-Reviews-Mr_Mrs_Bund_Seafood_Steak_House_by_Paul_Pairet-Shanghai.html#REVIEWS,http://mmbund.com/,1,45,45,40,45,2002,870,360,149,59,36,0.350183553,0.622159548
Martin Berasategui,"Calle de Loidi, 4, 20160 Lasarte-Oria Spain",https://www.tripadvisor.com/Restaurant_Review-g1078423-d948529-Reviews-Martin_Berasategui-Lasarte_Oria_Province_of_Guipuzcoa_Basque_Country.html#REVIEWS,http://www.martinberasategui.com/,1,50,50,45,45,1922,622,49,13,5,5,,
ABaC,"Avinguda Tibidabo, 1, 08022 Barcelona Spain",https://www.tripadvisor.com/Restaurant_Review-g187497-d1074448-Reviews-ABaC-Barcelona_Catalonia.html#REVIEWS,http://abacrestaurant.com/,1,45,45,40,45,2308,410,101,69,48,46,0.242929191,0.586774978
Disfrutar,"Calle Villarroel, 163, 08036 Barcelona Spain",https://www.tripadvisor.com/Restaurant_Review-g187497-d7281314-Reviews-Disfrutar-Barcelona_Catalonia.html#REVIEWS,http://www.disfrutarbarcelona.com/,1,50,50,45,45,2002,485,50,17,3,4,0.327963301,0.53899941
Akelarre,"Padre Orcolaga, 56, 20008 San Sebastian - Donostia Spain",https://www.tripadvisor.com/Restaurant_Review-g187457-d945611-Reviews-Akelarre-San_Sebastian_Donostia_Province_of_Guipuzcoa_Basque_Country.html#REVIEWS,http://www.akelarre.net/,1,45,45,40,45,1853,491,108,80,52,47,0.277923967,0.610073044
Atrio Restaurante,"Plaza San Mateo 1, 10003 Caceres Spain",https://www.tripadvisor.com/Restaurant_Review-g227852-d697602-Reviews-Atrio_Restaurante-Caceres_Province_of_Caceres_Extremadura.html#REVIEWS,http://www.restauranteatrio.com/,1,50,50,40,45,1519,164,14,4,1,1,0.398581492,0.612069645
Restaurante Vuelve Carolina,"Calle de Correos Numero 8, 46002, Valencia Spain",https://www.tripadvisor.com/Restaurant_Review-g187529-d2307964-Reviews-Restaurante_Vuelve_Carolina-Valencia_Province_of_Valencia_Valencian_Community.html#REVIEWS,http://www.vuelvecarolina.com/,1,40,35,35,35,1664,94,42,27,16,20,0.229450752,0.593854127
La Taberna del Chef Del Mar,"Calle del Puerto Escondid 6, 11500, El Puerto de Santa Maria Spain",https://www.tripadvisor.com/Restaurant_Review-g187434-d9974713-Reviews-La_Taberna_del_Chef_Del_Mar-El_Puerto_de_Santa_Maria_Costa_de_la_Luz_Andalucia.html#REVIEWS,http://www.facebook.com/La-Taberna-del-Chef-del-Mar-1650014111987011,1,40,40,35,35,998,14,7,1,1,0,,
DiverXO,"Calle de Padre Damian, 23, 28036 Madrid Spain",https://www.tripadvisor.com/Restaurant_Review-g187514-d7179537-Reviews-DiverXO-Madrid.html#REVIEWS,http://diverxo.com/,1,45,45,40,45,2160,155,20,11,4,10,0.313318372,0.590885555
Martin Berasategui,"Calle de Loidi, 4, 20160 Lasarte-Oria Spain",https://www.tripadvisor.com/Restaurant_Review-g1078423-d948529-Reviews-Martin_Berasategui-Lasarte_Oria_Province_of_Guipuzcoa_Basque_Country.html#REVIEWS,http://www.martinberasategui.com/,1,50,50,45,45,1922,622,49,13,5,5,,
Arzak,"Avenida Alcalde Jose Elosegui, 273, 20015 San Sebastian - Donostia Spain",https://www.tripadvisor.com/Restaurant_Review-g187457-d805520-Reviews-Arzak-San_Sebastian_Donostia_Province_of_Guipuzcoa_Basque_Country.html#REVIEWS,http://www.arzak.es/,1,45,45,40,45,3293,1146,192,114,45,17,0.45185741,0.626610458
El Celler de Can Roca,"Calle Can Sunyer, 48, 17007 Girona Spain",https://www.tripadvisor.com/Restaurant_Review-g187499-d996088-Reviews-El_Celler_de_Can_Roca-Girona_Province_of_Girona_Catalonia.html#REVIEWS,http://cellercanroca.com/index.htm,1,50,50,45,45,3220,771,50,26,14,9,0.380911738,0.61420291
Cenador de Amós,"Plaza del Sol, s/n Villaverde de Pontones, 39793 Villaverde de Pontones Spain",https://www.tripadvisor.com/Restaurant_Review-g5562707-d1752010-Reviews-Cenador_de_Amos-Villaverde_de_Pontones_Cantabria.html#REVIEWS,http://www.cenadordeamos.com/,1,45,45,40,45,559,20,1,1,0,0,0.29939018,0.57995411
Arzak,"Avenida Alcalde Jose Elosegui, 273, 20015 San Sebastian - Donostia Spain",https://www.tripadvisor.com/Restaurant_Review-g187457-d805520-Reviews-Arzak-San_Sebastian_Donostia_Province_of_Guipuzcoa_Basque_Country.html#REVIEWS,http://www.arzak.es/,1,45,45,40,45,3293,1146,192,114,45,17,0.45185741,0.626610458
L'Atelier de Joel Robuchon,"15 Queen's Road Central, Hong Kong China",https://www.tripadvisor.com/Restaurant_Review-g294217-d809453-Reviews-L_Atelier_de_Joel_Robuchon-Hong_Kong.html#REVIEWS,http://www.robuchon.hk/,1,45,45,40,45,840,377,145,55,25,16,0.239495729,0.49133353
Kadowaki,"2-7-2 1F Villanca Azabu, Azabujuban, Minato 106-0045 Tokyo Prefecture",https://www.tripadvisor.com/Restaurant_Review-g14129734-d6516221-Reviews-Kadowaki-Azabujuban_Minato_Tokyo_Tokyo_Prefecture_Kanto.html#REVIEWS,https://azabukadowaki.com/,1,45,40,30,,30,11,5,2,1,1,0.164536916,0.536403643
Ta Vie,"74 Queen's Road Central, Central 2/F, The Pottinger, Hong Kong China",https://www.tripadvisor.com/Restaurant_Review-g294217-d8353570-Reviews-Ta_Vie-Hong_Kong.html#REVIEWS,http://tavie.com.hk/,1,45,45,40,,73,42,11,7,0,3,0.285261528,0.578209789
Ishikawa,"5-37 Kagurazaka 1F Takamura Bldg., Shinjuku 162-0825 Tokyo Prefecture",https://www.tripadvisor.com/Restaurant_Review-g1066457-d1683842-Reviews-Ishikawa-Shinjuku_Tokyo_Tokyo_Prefecture_Kanto.html#REVIEWS,http://www.kagurazaka-ishikawa.co.jp/,1,50,50,45,45,131,65,6,2,3,1,0.270341142,0.563666498
Sushi Yoshitake,"7-8-13 Brown Place 9F, Ginza, Chuo 104-0061 Tokyo Prefecture",https://www.tripadvisor.com/Restaurant_Review-g14129573-d4418384-Reviews-Sushi_Yoshitake-Ginza_Chuo_Tokyo_Tokyo_Prefecture_Kanto.html#REVIEWS,http://sushi-yoshitake.com/index.html,1,50,50,40,45,169,98,4,3,2,2,0.310307863,0.564128336
Sazenka,"4-7-5 Minamiazabu, Minato 106-0047 Tokyo Prefecture",https://www.tripadvisor.com/Restaurant_Review-g1066451-d12551447-Reviews-Sazenka-Minato_Tokyo_Tokyo_Prefecture_Kanto.html#REVIEWS,http://sazenka.com/,1,50,45,45,,12,1,0,0,0,0,,
L'Atelier De Joël Robuchon Saint-Germain,"5 rue Montalembert Hotel Pont Royal, 75007 Paris France",https://www.tripadvisor.com/Restaurant_Review-g187147-d718134-Reviews-L_Atelier_De_Joel_Robuchon_Saint_Germain-Paris_Ile_de_France.html#REVIEWS,http://atelier-robuchon-saint-germain.com/,1,45,40,35,40,2757,820,264,144,86,89,0.251161906,0.5404981
Kanda,"3-6-34 Motoazabu Calm Motoazabu 1F, Minato 106-0046 Tokyo Prefecture",https://www.tripadvisor.com/Restaurant_Review-g1066451-d1174474-Reviews-Kanda-Minato_Tokyo_Tokyo_Prefecture_Kanto.html#REVIEWS,http://nihonryori-kanda.com/restaurant/,1,45,45,40,45,60,36,4,2,1,0,0.272852255,0.561717327
Makimura,"6-19-10 Minamioi, Shinagawa Tokyo Prefecture",https://www.tripadvisor.com/Restaurant_Review-g1066854-d1684098-Reviews-Makimura-Shinagawa_Tokyo_Tokyo_Prefecture_Kanto.html#REVIEWS,,1,50,50,50,,14,1,0,0,0,0,,
Osteria Francescana,"Via Stella 22, 41121, Modena Italy",https://www.tripadvisor.com/Restaurant_Review-g187803-d1160010-Reviews-Osteria_Francescana-Modena_Province_of_Modena_Emilia_Romagna.html#REVIEWS,http://www.osteriafrancescana.it/,1,45,45,40,40,2689,629,120,76,37,41,,
Ristorante Reale,"Piana Santa Liberata, 67031 Castel di Sangro Italy",https://www.tripadvisor.com/Restaurant_Review-g644239-d1144607-Reviews-Ristorante_Reale-Castel_di_Sangro_Province_of_L_Aquila_Abruzzo.html#REVIEWS,http://www.nikoromito.com/reale/,1,45,45,40,45,733,31,4,2,2,5,0.28357359,0.586587175
La Pergola,"Via Alberto Cadlolo 101 Rome Cavalieri, Waldorf Astoria Hotels & Resorts, 00136 Rome Italy",https://www.tripadvisor.com/Restaurant_Review-g187791-d806462-Reviews-La_Pergola-Rome_Lazio.html#REVIEWS,http://waldorfastoria3.hilton.com/en/hotels/italy/rome-cavalieri-waldorf-astoria-hotels-and-resorts-ROMHIWA/amenities/restaurants-la-pergola.html,1,45,45,40,45,2645,709,138,64,30,15,0.381326247,0.615567494
Ristorante Villa Crespi,"Via G. Fava, 18, 28016 Orta San Giulio Italy",https://www.tripadvisor.com/Restaurant_Review-g187854-d1060675-Reviews-Ristorante_Villa_Crespi-Orta_San_Giulio_Province_of_Novara_Piedmont.html#REVIEWS,https://www.villacrespi.it/ristorante-antonino-cannavacciuolo-villa-crespi/,1,50,50,45,50,4777,125,26,12,5,3,0.369183153,0.621224894
Dal Pescatore,"Localita Runate, 15 Riserva del Parco Oglio Sud, 46013 Canneto sull'Oglio Italy",https://www.tripadvisor.com/Restaurant_Review-g1238427-d799437-Reviews-Dal_Pescatore-Canneto_sull_Oglio_Province_of_Mantua_Lombardy.html#REVIEWS,http://www.dalpescatore.com/,1,45,45,40,45,912,65,4,2,1,0,0.321056575,0.58576877
Da O' Vittorio,"Via Roma 160, 16036 Recco Italy",https://www.tripadvisor.com/Restaurant_Review-g1137833-d1898908-Reviews-Da_O_Vittorio-Recco_Italian_Riviera_Liguria.html#REVIEWS,http://www.daovittorio.it/,1,40,40,35,40,1906,51,22,4,1,0,,
Ristorante Uliassi,"Via Banchina di Levante 6, 60019, Senigallia Italy",https://www.tripadvisor.com/Restaurant_Review-g194914-d1100666-Reviews-Ristorante_Uliassi-Senigallia_Province_of_Ancona_Marche.html#REVIEWS,http://www.uliassi.it/,1,50,45,45,45,1717,74,5,3,1,1,0.286133219,0.565892129
Il Luogo di Aimo e Nadia,"Via Raimondo Montecuccoli 6, 20147 Milan Italy",https://www.tripadvisor.com/Restaurant_Review-g187849-d696596-Reviews-Il_Luogo_di_Aimo_e_Nadia-Milan_Lombardy.html#REVIEWS,http://www.aimoenadia.com/,1,45,45,35,40,1191,178,45,26,11,6,0.380010092,0.637602514
Ristorante Enrico Bartolini,"Via Tortona 56 Museo delle Culture, 20144 Milan Italy",https://www.tripadvisor.com/Restaurant_Review-g187849-d12432575-Reviews-Ristorante_Enrico_Bartolini-Milan_Lombardy.html#REVIEWS,http://www.enricobartolini.net/i-ristoranti/mudec,1,45,45,40,,381,29,1,4,3,2,0.302094326,0.615997701
Restaurant de l’Hotel de Ville Crissier,"rue d' Yverdon 1, Crissier, Lausanne 1023 Switzerland",https://www.tripadvisor.com/Restaurant_Review-g947015-d1015180-Reviews-Restaurant_de_l_Hotel_de_Ville_Crissier-Crissier_Lausanne_Canton_of_Vaud.html#REVIEWS,http://www.restaurantcrissier.com/,1,50,45,45,45,880,170,20,7,2,1,0.301420798,0.604042045
Materia,"Via Cinque Giornate 32, 22012 Cernobbio Italy",https://www.tripadvisor.com/Restaurant_Review-g194728-d11662437-Reviews-Materia-Cernobbio_Lake_Como_Lombardy.html#REVIEWS,http://www.ristorantemateria.it/,1,45,45,45,,533,78,8,3,4,3,0.345717156,0.636518944
Auberge du Cheval Blanc,"4 rue de Wissembourg, 67510 Lembach France",https://www.tripadvisor.com/Restaurant_Review-g424982-d2092740-Reviews-Auberge_du_Cheval_Blanc-Lembach_Bas_Rhin_Grand_Est.html#REVIEWS,http://www.au-cheval-blanc.fr/fr/,1,50,45,45,45,552,20,6,0,0,1,,
Addison Restaurant,"5200 Grand Del Mar Way, San Diego, CA 92130-4900",https://www.tripadvisor.com/Restaurant_Review-g60750-d665586-Reviews-Addison_Restaurant-San_Diego_California.html#REVIEWS,http://www.addisondelmar.com/,1,45,50,40,45,293,204,37,18,10,9,0.277714082,0.560364661
Per Se,"10 Columbus Cir, New York City, NY 10019-1158",https://www.tripadvisor.com/Restaurant_Review-g60763-d425628-Reviews-Per_Se-New_York_City_New_York.html#REVIEWS,http://www.perseny.com/,1,45,50,40,45,1869,1193,220,105,49,21,0.295940691,0.593530976
Le Bernardin,"155 W 51st St, New York City, NY 10019-6019",https://www.tripadvisor.com/Restaurant_Review-g60763-d424434-Reviews-Le_Bernardin-New_York_City_New_York.html#REVIEWS,http://www.le-bernardin.com/,1,45,45,40,45,3594,2222,412,203,58,46,0.339978529,0.596733369
Masa,"10 Columbus Cir, New York City, NY 10019-1158",https://www.tripadvisor.com/Restaurant_Review-g60763-d425593-Reviews-Masa-New_York_City_New_York.html#REVIEWS,http://www.masanyc.com/#masa-takayama,1,45,40,30,40,293,121,31,24,20,18,0.239941818,0.646535316
Eleven Madison Park,"11 Madison Ave, New York City, NY 10010-3643",https://www.tripadvisor.com/Restaurant_Review-g60763-d479020-Reviews-Eleven_Madison_Park-New_York_City_New_York.html#REVIEWS,http://www.elevenmadisonpark.com/,1,45,45,40,45,2679,1583,280,196,83,76,0.254383568,0.59450122
Kashiwaya,"2-5-18 Senriyama Nishi, Suita 565-0851 Osaka Prefecture",https://www.tripadvisor.com/Restaurant_Review-g1023474-d9621651-Reviews-Kashiwaya-Suita_Osaka_Prefecture_Kinki.html#REVIEWS,http://jp-kashiwaya.com/,1,50,50,45,,30,14,2,3,1,0,0.289748065,0.596911415
Bottiglieria 1881,"ul. Bochenska 5 LU 1, Krakow 31-061 Poland",https://www.tripadvisor.com/Restaurant_Review-g274772-d6027764-Reviews-Bottiglieria_1881-Krakow_Lesser_Poland_Province_Southern_Poland.html#REVIEWS,http://www.1881.com.pl/#bottiglieria,1,50,45,45,45,345,141,19,6,5,4,,
Kichisen,"5 Shimogamo Morimotocho, Sakyo-Ku, Kyoto 606-0805 Kyoto Prefecture",https://www.tripadvisor.com/Restaurant_Review-g298564-d2487340-Reviews-Kichisen-Kyoto_Kyoto_Prefecture_Kinki.html#REVIEWS,http://www.kichisen-kyoto.com/,1,45,40,35,40,104,42,12,5,4,12,0.228709606,0.530468815
Gion Sasaki,"566-27 Yasakadori, Yamatoji, Higashiiri, Komatsucho, Higashiyama-Ku, Kyoto 605-0811 Kyoto Prefecture",https://www.tripadvisor.com/Restaurant_Review-g298564-d7906557-Reviews-Gion_Sasaki-Kyoto_Kyoto_Prefecture_Kinki.html#REVIEWS,http://gionsasaki.com/index.html,1,50,45,45,,34,9,1,0,0,0,,
Hajime,"1-9-11 Edobori, Nishi-Ku 1f, Osaka 550-0002 Osaka Prefecture",https://www.tripadvisor.com/Restaurant_Review-g298566-d2195848-Reviews-Hajime-Osaka_Osaka_Prefecture_Kinki.html#REVIEWS,http://www.hajime-artistes.com/,1,45,45,40,40,95,36,5,4,2,2,0.266277903,0.603138702
Taian,"1-21-2 Shimanochi Sanbonmatsu Bldg. 1F, Chuo, Osaka 542-0082 Osaka Prefecture",https://www.tripadvisor.com/Restaurant_Review-g14127623-d6047344-Reviews-Taian-Chuo_Osaka_Osaka_Prefecture_Kinki.html#REVIEWS,http://www.facebook.com/takahatahitoshi/,1,45,45,40,45,51,15,5,7,3,1,0.176240033,0.498880288
Kikunoi,"459 Shimokawaracho, Higashiyama-Ku, Kyoto 605-0825 Kyoto Prefecture",https://www.tripadvisor.com/Restaurant_Review-g298564-d1663413-Reviews-Kikunoi-Kyoto_Kyoto_Prefecture_Kinki.html#REVIEWS,,1,45,45,40,45,300,99,16,19,9,8,0.211974795,0.571417183
Inn at Little Washington,"309 Main St Middle and Main Streets, Washington, VA 22747",https://www.tripadvisor.com/Restaurant_Review-g58290-d497947-Reviews-Inn_at_Little_Washington-Washington_Rappahannock_County_Virginia.html#REVIEWS,http://www.theinnatlittlewashington.com/restaurant.shtml,1,50,45,40,45,945,770,89,49,19,9,0.293989317,0.576635901
DiverXO,"Calle de Padre Damian, 23, 28036 Madrid Spain",https://www.tripadvisor.com/Restaurant_Review-g187514-d7179537-Reviews-DiverXO-Madrid.html#REVIEWS,http://diverxo.com/,1,45,45,40,45,2160,155,20,11,4,10,0.313318372,0.590885555
Restaurant Milka,"Vrsiska cesta 45, Kranjska Gora 4280 Slovenia",https://www.tripadvisor.com/Restaurant_Review-g274870-d1238331-Reviews-Restaurant_Milka-Kranjska_Gora_Upper_Carniola_Region.html#REVIEWS,http://www.hotelmilka.si/restaurant,1,45,45,45,40,517,305,24,5,7,8,0.396500662,0.575875101
Stand Restaurant,"Szekely Mihaly ucta 2., Budapest 1061 Hungary",https://www.tripadvisor.com/Restaurant_Review-g274887-d14788844-Reviews-Stand_Restaurant-Budapest_Central_Hungary.html#REVIEWS,https://standrestaurant.hu/en,1,50,50,45,50,321,196,9,1,0,0,,
Platán Gourmet Restaurant,"Kastely Ter 6, Tata 2890 Hungary",https://www.tripadvisor.com/Restaurant_Review-g274917-d1524386-Reviews-Platan_Bisztro-Tata_Komarom_Esztergom_County_Central_Transdanubia.html#REVIEWS,https://platantata.hu/gourmet-etterem/,1,45,45,45,45,318,81,28,6,2,3,0.371802252,0.626309012
Yu ZhiLan,"No.24 Changfa Street, Qingyang District, Chengdu China",https://www.tripadvisor.com/Restaurant_Review-g297463-d7211656-Reviews-Yu_ZhiLan-Chengdu_Sichuan.html#REVIEWS,http://www.ft.com/content/20f3d64e-27f5-11e4-ae44-00144feabdc0,1,45,40,40,,13,4,3,0,1,1,,
El Molino de Urdániz,"C San Miguel S/N0, 31698 Urdaniz Spain",https://www.tripadvisor.com/Restaurant_Review-g6412760-d3584780-Reviews-El_Molino_de_Urdaniz-Urdaniz_Navarra.html#REVIEWS,http://www.elmolinourdaniz.com/,1,45,40,40,35,267,15,2,0,0,0,,
L'Atelier De Joël Robuchon Saint-Germain,"5 rue Montalembert Hotel Pont Royal, 75007 Paris France",https://www.tripadvisor.com/Restaurant_Review-g187147-d718134-Reviews-L_Atelier_De_Joel_Robuchon_Saint_Germain-Paris_Ile_de_France.html#REVIEWS,http://atelier-robuchon-saint-germain.com/,1,45,40,35,40,2757,820,264,144,86,89,0.251161906,0.5404981
Le Séjour Café,"11 rue Grimaldi Plein Carre d'OR, 06000 Nice France",https://www.tripadvisor.com/Restaurant_Review-g187234-d3255993-Reviews-Le_Sejour_Cafe-Nice_French_Riviera_Cote_d_Azur_Provence_Alpes_Cote_d_Azur.html#REVIEWS,http://www.sejourcafe.com/,1,45,50,45,45,1813,632,103,21,7,3,0.421209454,0.635637009
Raw,"301 Le Qun 3rd Rd, Zhongshan District, Taipei Taiwan",https://www.tripadvisor.com/Restaurant_Review-g13808671-d8668927-Reviews-Raw-Zhongshan_District_Taipei.html#REVIEWS,http://www.raw.com.tw/,1,45,45,40,,199,57,12,5,3,9,0.251032084,0.60710918
Seta,"Via Andegari 9 Mandarin Oriental Milan, 20121 Milan Italy",https://www.tripadvisor.com/Restaurant_Review-g187849-d8515519-Reviews-Seta-Milan_Lombardy.html#REVIEWS,https://www.mandarinoriental.com/en/milan/la-scala/dine/seta?src=loc.local_listing.momln.yxt,1,45,45,40,,1085,186,37,8,4,5,0.365602418,0.676061139
Melisse,"1104 Wilshire Blvd, Santa Monica, CA 90401-2012",https://www.tripadvisor.com/Restaurant_Review-g33052-d350116-Reviews-Melisse-Santa_Monica_California.html#REVIEWS,http://www.melisse.com/,1,45,45,35,45,325,198,48,23,16,10,0.298889395,0.583224886
Acquerello,"1722 Sacramento St, San Francisco, CA 94109-3619",https://www.tripadvisor.com/Restaurant_Review-g60713-d370438-Reviews-Acquerello-San_Francisco_California.html#REVIEWS,http://www.acquerellosf.com/,1,45,50,45,45,361,264,38,16,12,8,0.360104513,0.626473564
Providence,"5955 Melrose Ave, Los Angeles, CA 90038-3623",https://www.tripadvisor.com/Restaurant_Review-g32655-d594024-Reviews-Providence-Los_Angeles_California.html#REVIEWS,http://www.providencela.com/,1,45,45,40,40,805,553,110,46,18,7,,
The Butchers Arms,"Lime Street, Eldersfield GL19 4NX England",https://www.tripadvisor.com/Restaurant_Review-g3205114-d2012311-Reviews-The_Butchers_Arms-Eldersfield_Malvern_Hills_Worcestershire_England.html#REVIEWS,http://thebutchersarms.net/,1,50,45,45,45,482,412,40,16,5,9,0.356179871,0.595195409
Le Manoir aux Quat'Saisons Restaurant,"Church Road, Great Milton OX44 7PD England",https://www.tripadvisor.com/Restaurant_Review-g1096521-d752551-Reviews-Le_Manoir_aux_Quat_Saisons_Restaurant-Great_Milton_Oxfordshire_England.html#REVIEWS,http://www.belmond.com/le-manoir-aux-quat-saisons-oxfordshire/,1,50,50,40,45,2668,2190,239,118,39,17,0.413252454,0.665279154
Lazy Bear,"3416 19th St, San Francisco, CA 94110-1727",https://www.tripadvisor.com/Restaurant_Review-g60713-d4814980-Reviews-Lazy_Bear-San_Francisco_California.html#REVIEWS,http://www.lazybearsf.com/,1,45,45,40,45,108,74,21,5,4,1,0.2458893,0.559734822
Californios,"3115 22nd St, San Francisco, CA 94110-3218",https://www.tripadvisor.com/Restaurant_Review-g60713-d7349813-Reviews-Californios-San_Francisco_California.html#REVIEWS,http://www.californiossf.com/,1,45,50,40,,54,41,8,1,2,1,0.305098973,0.560655129
Melisse,"1104 Wilshire Blvd, Santa Monica, CA 90401-2012",https://www.tripadvisor.com/Restaurant_Review-g33052-d350116-Reviews-Melisse-Santa_Monica_California.html#REVIEWS,http://www.melisse.com/,1,45,45,35,45,325,198,48,23,16,10,0.298889395,0.583224886
Min Jiang at Dempsey,"7A Dempsey Road, Singapore 249684 Singapore",https://www.tripadvisor.com/Restaurant_Review-g294265-d794026-Reviews-Min_Jiang_at_Dempsey-Singapore.html#REVIEWS,http://www.goodwoodparkhotel.com/dining/min-jiang-dempsey,1,45,40,35,40,290,105,86,40,10,11,0.30403288,0.540156635
Imperial Treasure Fine Teochew Cuisine,"ION Orchard, #03-05 2 Orchard Turn, Singapore 238801 Singapore",https://www.tripadvisor.com/Restaurant_Review-g294265-d1986222-Reviews-Imperial_Treasure_Fine_Teochew_Cuisine-Singapore.html#REVIEWS,http://www.imperialtreasure.com/,1,45,40,40,35,183,60,71,22,2,6,,
Sir Elly's Restaurant,"No 32 The Bund, 32 Zhongshan Dong Yi Road The Peninsula Shanghai, Shanghai 200002 China",https://www.tripadvisor.com/Restaurant_Review-g308272-d11954919-Reviews-Sir_Elly_s_Restaurant-Shanghai.html#REVIEWS,http://www.peninsula.com/en/shanghai/hotel-fine-dining/sir-ellys-restaurant,1,45,45,40,,80,42,10,5,3,1,0.411935838,0.591160481
Odette,"1 St. Andrew's Road #01-04 National Gallery Singapore National Gallery Singapore, Singapore 178957 Singapore",https://www.tripadvisor.com/Restaurant_Review-g294265-d8800546-Reviews-Odette-Singapore.html#REVIEWS,http://www.odetterestaurant.com/,1,45,45,40,,482,318,57,30,12,8,0.313207725,0.574493189
Thevar,"9 Keong Saik Road, Singapore 089117 Singapore",https://www.tripadvisor.com/Restaurant_Review-g294265-d15306286-Reviews-Thevar-Singapore.html#REVIEWS,http://thevar.sg/,1,45,45,40,40,155,100,29,11,5,6,0.460365731,0.647524305
JAAN by Kirk Westaway,"2 Stamford Road Level 70, Swissotel The Stamford, Singapore 178882 Singapore",https://www.tripadvisor.com/Restaurant_Review-g294265-d807776-Reviews-JAAN_by_Kirk_Westaway-Singapore.html#REVIEWS,http://www.jaan.sg/?utm_source=tripadvisor&utm_medium=referral&utm_content=text-website&utm_campaign=listing,1,45,45,40,45,780,450,122,54,21,16,0.506606299,0.645704144
Sushi Yoshitake,"7-8-13 Brown Place 9F, Ginza, Chuo 104-0061 Tokyo Prefecture",https://www.tripadvisor.com/Restaurant_Review-g14129573-d4418384-Reviews-Sushi_Yoshitake-Ginza_Chuo_Tokyo_Tokyo_Prefecture_Kanto.html#REVIEWS,http://sushi-yoshitake.com/index.html,1,50,50,40,45,169,98,4,3,2,2,0.310307863,0.564128336
Le Clos Saint Pierre,"1 Place de la Mairie Quartier St Pons, 06650 Le Rouret France",https://www.tripadvisor.com/Restaurant_Review-g1104886-d1172092-Reviews-Le_Clos_Saint_Pierre-Le_Rouret_Alpes_Maritimes_Provence_Alpes_Cote_d_Azur.html#REVIEWS,http://www.hotel-du-clos.com/le-clos-saint-pierre/,1,45,45,40,40,446,112,19,10,4,1,0.381140734,0.595726675
Soelleroed Kro,"Soelleroedvej 35, Copenhagen 2840 Denmark",https://www.tripadvisor.com/Restaurant_Review-g189541-d803888-Reviews-Soelleroed_Kro-Copenhagen_Zealand.html#REVIEWS,http://www.soelleroed-kro.dk/en/,1,50,50,45,50,397,144,28,6,1,0,0.418595527,0.597949777
Alchemist,"Refshalevej 173c, Copenhagen 1432 Denmark",https://www.tripadvisor.com/Restaurant_Review-g189541-d8547060-Reviews-Alchemist-Copenhagen_Zealand.html#REVIEWS,http://www.alchemist.dk/,1,50,50,45,,153,89,2,0,1,1,0.302954335,0.65964742
RE- NAA,"Nordbogata 8, Stavanger 4006 Norway",https://www.tripadvisor.com/Restaurant_Review-g190511-d1600292-Reviews-RE_NAA-Stavanger_Stavanger_Municipality_Rogaland_Western_Norway.html#REVIEWS,http://www.restaurantrenaa.no/renaa/,1,45,45,40,40,355,128,38,7,2,1,,
Aloe,"52 Svartloesavaegen Langbro, Stockholm 125 33 Sweden",https://www.tripadvisor.com/Restaurant_Review-g189852-d8323859-Reviews-Aloe-Stockholm.html#REVIEWS,http://aloerestaurant.se/,1,50,50,50,,173,33,3,3,1,1,0.2925136,0.572479614
Aira,"Biskopsvagen 9, Stockholm 11521 Sweden",https://www.tripadvisor.com/Restaurant_Review-g189852-d20378978-Reviews-Aira-Stockholm.html#REVIEWS,http://aira.se/,1,50,50,50,,54,17,1,1,0,0,,
Bloom in the park,"17 Pildammsvaegen, Malmo 214 66 Sweden",https://www.tripadvisor.com/Restaurant_Review-g189839-d4367015-Reviews-Bloom_in_the_park-Malmo_Skane_County.html#REVIEWS,http://bloominthepark.se/,1,45,40,40,40,440,128,26,11,17,18,0.249444081,0.574138985
Rolfs Koek,"41 Tegnergatan, Stockholm 111 61 Sweden",https://www.tripadvisor.com/Restaurant_Review-g189852-d776475-Reviews-Rolfs_Koek-Stockholm.html#REVIEWS,http://www.rolfskok.se/?lang=en,1,45,45,40,45,1364,402,193,40,15,5,,
Geranium,"Per Henrik Lings Alle 4, 8., Copenhagen Denmark",https://www.tripadvisor.com/Restaurant_Review-g189541-d1945657-Reviews-Geranium-Copenhagen_Zealand.html#REVIEWS,http://www.geranium.dk/,1,50,45,45,45,1157,611,67,30,18,7,0.391870604,0.633432224
Restaurant Frederikshoj,"Oddervej 19/21, Aarhus 8000 Denmark",https://www.tripadvisor.com/Restaurant_Review-g189530-d788046-Reviews-Restaurant_Frederikshoj-Aarhus_East_Jutland_Jutland.html#REVIEWS,http://frederikshoj.com/en/home/,1,50,50,45,45,307,77,8,1,2,0,0.375709447,0.523179101
Kiin Kiin,"Guldbergsgade 21, Copenhagen 2200 Denmark",https://www.tripadvisor.com/Restaurant_Review-g189541-d758272-Reviews-Kiin_Kiin-Copenhagen_Zealand.html#REVIEWS,http://www.kiin.dk/,1,45,45,40,45,894,381,74,22,24,22,0.193529621,0.553206503
Kong Hans Kaelder,"Vingaardstraede 6, Copenhagen 1070 Denmark",https://www.tripadvisor.com/Restaurant_Review-g189541-d802245-Reviews-Kong_Hans_Kaelder-Copenhagen_Zealand.html#REVIEWS,http://www.konghans.dk/,1,45,45,40,45,325,141,34,12,6,2,0.173612016,0.480427295
180 Degrees Restaurant,"Staapli 4 Noblessneri sadam, Tallinn 10415 Estonia",https://www.tripadvisor.com/Restaurant_Review-g274958-d14914457-Reviews-180_Degrees_Restaurant-Tallinn_Harju_County.html#REVIEWS,http://www.180degrees.ee/,1,50,45,45,45,151,108,4,9,3,2,0.392547746,0.623454278
Trèsind Dubai,"Arabian Court One&Only Royal Mirage, Dubai Marina, Dubai United Arab Emirates",https://www.tripadvisor.com/Restaurant_Review-g295424-d7257524-Reviews-Tresind_Dubai-Dubai_Emirate_of_Dubai.html#REVIEWS,http://tresind.com/dubai,1,45,45,40,45,874,615,156,36,18,17,0.367668104,0.624569054
IL RISTORANTE - NIKO ROMITO,"Building 2 Courtyard No. 8 Xinyuan South Road, Chaoyang District 1/F, The Bulgari Hotel Beijing, Beijing 100027 China",https://www.tripadvisor.com/Restaurant_Review-g294212-d12906624-Reviews-IL_RISTORANTE_NIKO_ROMITO-Beijing.html#REVIEWS,https://www.bulgarihotels.com/en_US/beijing/bar-and-restaurant/il-ristorante-niko-romito,1,50,50,45,,507,62,8,1,3,1,,
Alleno Paris,"8 avenue Dutuit Champs-Elysees, 75008 Paris France",https://www.tripadvisor.com/Restaurant_Review-g187147-d7205470-Reviews-Alleno_Paris-Paris_Ile_de_France.html#REVIEWS,http://www.yannick-alleno.com/fr/restaurants-reservation/restaurant-3-etoiles-paris.html,1,45,45,40,45,866,183,26,26,14,14,0.34696601,0.61692442
Akordu,"70-1-3-1 Suimoncho, Nara 630-8208 Nara Prefecture",https://www.tripadvisor.com/Restaurant_Review-g298198-d11924476-Reviews-Akordu-Nara_Nara_Prefecture_Kinki.html#REVIEWS,http://akordu.com/,1,50,50,45,,13,1,0,0,0,0,,
L'Atelier De Joël Robuchon Saint-Germain,"5 rue Montalembert Hotel Pont Royal, 75007 Paris France",https://www.tripadvisor.com/Restaurant_Review-g187147-d718134-Reviews-L_Atelier_De_Joel_Robuchon_Saint_Germain-Paris_Ile_de_France.html#REVIEWS,http://atelier-robuchon-saint-germain.com/,1,45,40,35,40,2757,820,264,144,86,89,0.251161906,0.5404981
Octavium Italian Restaurant,"22 Des Voeux Road Central, Central 8/F, One Chinachem Central,, Hong Kong China",https://www.tripadvisor.com/Restaurant_Review-g294217-d13421362-Reviews-Octavium_Italian_Restaurant-Hong_Kong.html#REVIEWS,http://www.octavium.com.hk/about,1,45,45,40,,61,27,12,5,4,3,0.199631648,0.506403283
Mizumi at Wynn Macau,"Rua Cidade de Sintra, NAPE, Alameda Dutor Carlos d'Assumpcao G/F, Wynn Macau, Macau China",https://www.tripadvisor.com/Restaurant_Review-g664891-d10513195-Reviews-Mizumi_at_Wynn_Macau-Macau.html#REVIEWS,http://www.wynnmacau.com/en/restaurants-n-bars/fine-dining/mizumi,1,45,45,40,,53,23,3,5,1,1,0.355568236,0.601444677
Wing Lei,"Rua Cidade de Sintra, NAPE G/F, Wynn Macau, Macau China",https://www.tripadvisor.com/Restaurant_Review-g664891-d1217731-Reviews-Wing_Lei-Macau.html#REVIEWS,http://wynnmacau.com/en/restaurants-n-bars/fine-dining/wing-lei,1,45,40,40,40,175,34,13,8,4,2,,
Alain Ducasse at The Dorchester,"53 Park Lane Closest tube stations: Hyde Park Corner and Marble Arch, London W1K 1QA England",https://www.tripadvisor.com/Restaurant_Review-g186338-d1205756-Reviews-Alain_Ducasse_at_The_Dorchester-London_England.html#REVIEWS,https://www.dorchestercollection.com/london/the-dorchester/dining/alain-ducasse,1,45,45,40,45,1763,1033,238,143,83,46,0.31883725,0.594747189
Tin Lung Heen,"1 Austin Road West 102/F, The Ritz-Carlton, International Commerce Centre, Hong Kong China",https://www.tripadvisor.com/Restaurant_Review-g294217-d2399904-Reviews-Tin_Lung_Heen-Hong_Kong.html#REVIEWS,https://www.tinlungheen.com/,1,45,50,40,45,1723,945,151,40,16,14,,
L'Atelier de Joel Robuchon,"15 Queen's Road Central, Hong Kong China",https://www.tripadvisor.com/Restaurant_Review-g294217-d809453-Reviews-L_Atelier_de_Joel_Robuchon-Hong_Kong.html#REVIEWS,http://www.robuchon.hk/,1,45,45,40,45,840,377,145,55,25,16,0.239495729,0.49133353
Spring Moon,"Salisbury Road, Kowloon The Peninsula Hong Kong, Hong Kong China",https://www.tripadvisor.com/Restaurant_Review-g294217-d812337-Reviews-Spring_Moon-Hong_Kong.html#REVIEWS,http://www.peninsula.com/springmoon/,1,45,45,35,45,400,136,49,22,9,7,0.239888651,0.562787437
L'Envol,"35 rue Gustave Flaubert Angle Rue Bel Air, 84300 Cavaillon France",https://www.tripadvisor.com/Restaurant_Review-g187214-d11760155-Reviews-L_Envol-Cavaillon_Luberon_Vaucluse_Provence_Alpes_Cote_d_Azur.html#REVIEWS,http://lenvolcavaillon.fr/,1,50,50,45,,340,20,1,0,0,0,0.457477436,0.643174421
Tin Lung Heen,"1 Austin Road West 102/F, The Ritz-Carlton, International Commerce Centre, Hong Kong China",https://www.tripadvisor.com/Restaurant_Review-g294217-d2399904-Reviews-Tin_Lung_Heen-Hong_Kong.html#REVIEWS,https://www.tinlungheen.com/,1,45,50,40,45,1723,945,151,40,16,14,,
Feng Wei Ju,"Avenida da Amizade 5F StarWorld Hotel, Macau China",https://www.tripadvisor.com/Restaurant_Review-g664891-d11854281-Reviews-Feng_Wei_Ju-Macau.html#REVIEWS,http://www.starworldmacau.com/en/taste/restaurant#feng-wei-ju,1,40,45,35,,37,8,2,1,0,2,,
Amber,"No.15 Queen's Road Central 7/F, The Landmark Mandarin Oriental, Hong Kong China",https://www.tripadvisor.com/Restaurant_Review-g294217-d939504-Reviews-Amber-Hong_Kong.html#REVIEWS,https://www.mandarinoriental.com/en/hong-kong/the-landmark/dine/amber?src=loc.local_listing.lmhkg.yxt,1,45,45,40,45,1146,656,147,60,17,12,0.386633024,0.621483498
Lai Ching Heen - Regent Hong Kong,"18 Salisbury Road, Tsim Sha Tsui, Hong Kong China",https://www.tripadvisor.com/Restaurant_Review-g294217-d927163-Reviews-Lai_Ching_Heen_Regent_Hong_Kong-Hong_Kong.html#REVIEWS,http://hongkong.regenthotels.com/lai-ching-heen/,1,45,45,40,40,956,504,105,26,10,6,0.366328548,0.570545889
Ying Jee Club,"41 Connaught Road Central, Central Shop G05, 107& 108, G/F, Nexxus Building,, Hong Kong China",https://www.tripadvisor.com/Restaurant_Review-g294217-d12906635-Reviews-Ying_Jee_Club-Hong_Kong.html#REVIEWS,http://yingjeeclub.hk/,1,45,50,40,,61,19,11,2,1,1,0.253322739,0.597545735
De Nieuwe Winkel,"Gebroeders Van Limburgplein 7, 6511 BW Nijmegen The Netherlands",https://www.tripadvisor.com/Restaurant_Review-g188569-d2430614-Reviews-De_Nieuwe_Winkel-Nijmegen_Gelderland_Province.html#REVIEWS,http://www.denieuwewinkel.com/nl/,1,45,45,45,40,231,30,6,2,2,0,,
Restaurant Schwarzwaldstube,"Tonbachstrasse 237 Hotel Traube Tonbach, 72270, Baiersbronn, Baden-Wurttemberg Germany",https://www.tripadvisor.com/Restaurant_Review-g187279-d718344-Reviews-Restaurant_Schwarzwaldstube-Baiersbronn_Baden_Wurttemberg.html#REVIEWS,http://www.traube-tonbach.de/,1,50,45,45,45,440,64,18,1,0,1,0.369546468,0.604165674
Restaurant Flore,"Nieuwe Doelenstraat 2-14, 1012 CP Amsterdam The Netherlands",https://www.tripadvisor.com/Restaurant_Review-g188590-d2315768-Reviews-Restaurant_Flore-Amsterdam_North_Holland_Province.html#REVIEWS,https://www.facebook.com/RestaurantFlore/,1,45,45,40,45,793,371,55,20,9,11,0.37172722,0.638639311
Restaurant Julemont,"Wittemer Allee 3 Chateau Wittem, 6286 AA Wittem The Netherlands",https://www.tripadvisor.com/Restaurant_Review-g1045126-d4430051-Reviews-Restaurant_Julemont-Wittem_Limburg_Province.html#REVIEWS,http://www.chateauwittem.com/,1,45,45,40,45,99,8,1,2,0,1,0.490419501,0.59744898
